INSERT INTO AIRCRAFT VALUES(100,12);
INSERT INTO AIRCRAFT VALUES(110,13);
INSERT INTO AIRCRAFT VALUES(120,14);
INSERT INTO AIRCRAFT VALUES(130,15);
INSERT INTO AIRCRAFT VALUES(140,16);
INSERT INTO AIRCRAFT VALUES(150,17);
INSERT INTO AIRCRAFT VALUES(160,18);
INSERT INTO AIRCRAFT VALUES(170,19);
INSERT INTO AIRCRAFT VALUES(180,20);
INSERT INTO AIRCRAFT VALUES(190,21);



INSERT INTO AIRPORT VALUES('BLR','IST','KEMPGWD','BANGALORE','INDIA',15,110);
INSERT INTO AIRPORT VALUES('DEL','IST','ARVNDKJR','DELHI','INDIA',20,130);
INSERT INTO AIRPORT VALUES('MUM','IST','ROCKY','MUMBAI','INDIA',60,170);
INSERT INTO AIRPORT VALUES('HYD','IST','MUGHAL','HYDERABAD','INDIA',15,190);
INSERT INTO AIRPORT VALUES('BLR','IST','KEMPGWD','BANGALORE','INDIA',45,140);
INSERT INTO AIRPORT VALUES('DEL','IST','ARVNDKJR','DELHI','INDIA',14,120);
INSERT INTO AIRPORT VALUES('MUM','IST','ROCKY','MUMBAI','INDIA',15,100);
INSERT INTO AIRPORT VALUES('HYD','IST','MUGHAL','HYDERABAD','INDIA',50,160);
INSERT INTO AIRPORT VALUES('HYD','IST','MUGHAL','HYDERABAD','INDIA',500,150);


INSERT INTO TERMINAL VALUES('450','BLR',110,'2022-12-26 09:53:00');
INSERT INTO TERMINAL VALUES('250','DEL',113,'2022-12-26 10:20:00');
INSERT INTO TERMINAL VALUES('400','HYD',115,'2022-12-27 12:30:00');
INSERT INTO TERMINAL VALUES('550','MUM',117,'2022-12-27 03:30:00');
INSERT INTO TERMINAL VALUES('490','BLR',119,'2022-12-28 14:30:00');
INSERT INTO TERMINAL VALUES('230','DEL',112,'2022-12-28 15:20:00');
INSERT INTO TERMINAL VALUES('530','HYD',114,'2022-12-30 18:30:00');
INSERT INTO TERMINAL VALUES('240','DEL',118,'2022-12-30 19:20:00');
INSERT INTO TERMINAL VALUES('150','HYD',111,'2022-12-31 20:23:00');

INSERT INTO PNRINFO VALUES('YV0HA8','450','BUSINESS');
INSERT INTO PNRINFO VALUES('KX9IH3','250','ECONOMY');
INSERT INTO PNRINFO VALUES('PQ0VY2','400','BUSINESS');
INSERT INTO PNRINFO VALUES('OX0FG9','550','ECONOMY');
INSERT INTO PNRINFO VALUES('JX5FO0','490','ECONOMY');
INSERT INTO PNRINFO VALUES('YD7UM4','230','ECONOMY');
INSERT INTO PNRINFO VALUES('RK7LM5','530','ECONOMY');
INSERT INTO PNRINFO VALUES('GO5PQ7','240','ECONOMY');
INSERT INTO PNRINFO VALUES('ZD0NA7','150','FIRSTCLASS');

INSERT INTO PASSENGER VALUES('423842256711','YV0HA8','Varsha','Female','A-1/2','Sector 15 Phase 1 Nr Arsi Electronic Nerul','Bangalore Karnataka','INDIA');
INSERT INTO PASSENGER VALUES('487301900720','KX9IH3','Bharath','Male','No.15','1st Floor Sethia Building, Relief Road','Pune Maharashtra','INDIA');
INSERT INTO PASSENGER VALUES('839379776636','PQ0VY2','RanjanDas','Male','ShopNo.1','1st Floor Chisty Chambers O/s Shahpur Gate','Guwahati Assam','INDIA');
INSERT INTO PASSENGER VALUES('763239030001','OX0FG9','Srinidhi','Female','PlotNo22','New Anant Bhavan Narshi Natha Street Chinch Bunder','Mumbai Maharashtra','INDIA');
INSERT INTO PASSENGER VALUES('267270646226','JX5FO0','Shreya','Female','NO.6663','Rajmahal Building SirMVRoad Opp Teli Galli Gardan Andheri','Ahmedabad Gujarat','INDIA');
INSERT INTO PASSENGER VALUES('705118388146','YD7UM4','Sachin','Male','F2,ShopNo1','Sri Muneswara Indl Estate Peenya Near Police Station Peenya','Hyderabad Andhra Pradesh','INDIA');
INSERT INTO PASSENGER VALUES('573139661735','RK7LM5','Sumanth','Male','M-25,Part2','Goregaon Samrurrudhi Coop Hsg Soc Bldg 9 Siddharth Nagar, SV Road Goregaon West','Vadodara Gujarat','INDIA');
INSERT INTO PASSENGER VALUES('178901887912','GO5PQ7','Vaibhav','Male','89/90klrir','GS Rd GaneshguriChariali Nr Beekay Tower',' Chennai Tamil Nadu','INDIA');
INSERT INTO PASSENGER VALUES('968293757996','ZD0NA7','Rajamma','Female','10,257/65','Goregaon Samrurrudhi Coop Hsg Soc Bldg 9 Siddharth Nagar SV Road Goregaon','Hyderabad Andhra Pradesh','INDIA');



INSERT INTO BOARDINGPASS VALUES(493578734579,'YV0HA8',1,100);
INSERT INTO BOARDINGPASS VALUES(314598792608,'KX9IH3',11,110);
INSERT INTO BOARDINGPASS VALUES(286082233248,'PQ0VY2',2,120);
INSERT INTO BOARDINGPASS VALUES(918318833665,'OX0FG9',12,130);
INSERT INTO BOARDINGPASS VALUES(469285323873,'JX5FO0',3,140);
INSERT INTO BOARDINGPASS VALUES(868368646308,'YD7UM4',13,150);
INSERT INTO BOARDINGPASS VALUES(155550947675,'RK7LM5',4,160);
INSERT INTO BOARDINGPASS VALUES(895374202023,'GO5PQ7',14,170);
INSERT INTO BOARDINGPASS VALUES(318763452500,'ZD0NA7',5,180);


INSERT INTO LUGGAGE VALUES(597017778744,493578734579,100);
INSERT INTO LUGGAGE VALUES(825120260577,314598792608,110);
INSERT INTO LUGGAGE VALUES(724978478770,286082233248,120);
INSERT INTO LUGGAGE VALUES(247039067342,918318833665,130);
INSERT INTO LUGGAGE VALUES(663269545598,469285323873,140);
INSERT INTO LUGGAGE VALUES(807534688685,868368646308,150);
INSERT INTO LUGGAGE VALUES(100239888586,155550947675,160);
INSERT INTO LUGGAGE VALUES(798814488284,895374202023,170);
INSERT INTO LUGGAGE VALUES(975567758635,318763452500,180);

